Date,Open,High,Low,Close,Adj Close,Volume
01/04/2021,78.24427795410156,78.33015441894531,76.22137451171875,77.25190734863281,70.25732421875,10502637
01/05/2021,76.97518920898438,77.6717529296875,76.25,77.385498046875,70.37882232666016,10956526
01/06/2021,76.88931274414062,78.95037841796875,76.63167572021484,78.60687255859375,71.48959350585938,10521396
01/07/2021,78.76908111572266,80.50572204589844,78.31106567382812,80.1717529296875,72.91279602050781,10447931
01/08/2021,80.50572204589844,80.50572204589844,78.76908111572266,79.22709655761719,72.05368041992188,9563105
01/11/2021,79.67557525634766,81.67938995361328,79.43701934814453,81.10687255859375,73.76325225830078,13488179
01/12/2021,81.22137451171875,81.2404556274414,78.76908111572266,79.28434753417969,72.10574340820312,10128606
01/13/2021,79.55152893066406,79.55152893066406,78.4542007446289,78.5687026977539,71.45488739013672,10093812
01/14/2021,78.64503479003906,79.00763702392578,78.12976837158203,78.40648651123047,71.307373046875,11366398
01/15/2021,78.09160614013672,79.67557525634766,77.82442474365234,79.56106567382812,72.357421875,10203538
01/19/2021,79.74236297607422,80.0572509765625,78.8740463256836,79.37976837158203,72.19252014160156,8467316
01/20/2021,79.43701934814453,79.72328186035156,78.50190734863281,78.6832046508789,71.55903625488281,11097901
01/21/2021,78.06298065185547,78.53053283691406,77.25190734863281,77.46183013916016,70.44823455810547,9043716
01/22/2021,77.18511199951172,77.70037841796875,77.06106567382812,77.27098846435547,70.27467346191406,9436926
01/25/2021,77.01335906982422,77.47137451171875,76.39312744140625,77.4332046508789,70.42220306396484,9957677
01/26/2021,77.4332046508789,77.4332046508789,76.45992279052734,76.57442474365234,69.64118957519531,7748283
01/27/2021,76.2022933959961,76.40267181396484,73.32061004638672,73.54007720947266,66.88156127929688,16230376
01/28/2021,73.54962158203125,74.91412353515625,73.54007720947266,74.35114288330078,67.61920166015625,12972039
01/29/2021,74.41793823242188,74.78053283691406,72.89122009277344,73.54007720947266,66.88156127929688,10671470
02/01/2021,74.41793823242188,74.74236297607422,73.7977066040039,73.8167953491211,67.13323974609375,8224599
02/02/2021,74.22709655761719,75.30534362792969,74.14122009277344,74.20801544189453,67.48904418945312,9866710
02/03/2021,74.08396911621094,74.57061004638672,73.61640930175781,73.77862548828125,67.09852600097656,10034810
02/04/2021,73.44465637207031,73.48282623291016,72.08015441894531,72.5477066040039,65.97905731201172,18867563
02/05/2021,72.92938995361328,73.4542007446289,71.95610809326172,72.3282470703125,65.77946472167969,13901825
02/08/2021,72.3759536743164,72.70037841796875,71.2404556274414,71.6030502319336,65.11992645263672,16718534
02/09/2021,71.6603012084961,71.72709655761719,70.9542007446289,71.6030502319336,65.11992645263672,13484616
02/10/2021,71.87023162841797,71.92748260498047,71.1259536743164,71.45992279052734,64.98975372314453,11721566
02/11/2021,71.38359069824219,71.6603012084961,70.83015441894531,71.3167953491211,64.85958862304688,8780982
02/12/2021,71.2977066040039,71.66984558105469,71.1259536743164,71.56488800048828,65.08521270751953,6738116
02/16/2021,71.91793823242188,71.97518920898438,70.65839385986328,70.84923553466797,64.43436431884766,9734453
02/17/2021,71.04962158203125,72.57633972167969,70.96373748779297,72.08015441894531,65.55382537841797,13876463
02/18/2021,71.82251739501953,72.40457916259766,71.6030502319336,71.95610809326172,65.44102478027344,10004627
02/19/2021,71.98473358154297,72.05152893066406,70.85877990722656,70.90648651123047,64.48643493652344,12388198
02/22/2021,71.08778381347656,71.62213897705078,70.3530502319336,71.49809265136719,65.02448272705078,8612464
02/23/2021,71.84160614013672,72.48091888427734,71.04962158203125,71.1259536743164,64.68601989746094,10900458
02/24/2021,71.3740463256836,71.82251739501953,70.98282623291016,71.15457916259766,64.7120590209961,9838834
02/25/2021,70.81106567382812,71.56488800048828,70.68701934814453,71.2022933959961,64.75546264648438,10906955
02/26/2021,71.03053283691406,71.28816986083984,69.21755981445312,69.29389190673828,63.01984786987305,17644862
03/01/2021,69.85687255859375,70.02862548828125,68.8740463256836,69.06488800048828,62.811588287353516,12594864
03/02/2021,69.50381469726562,70.1240463256836,69.08396911621094,69.51335906982422,63.219451904296875,16047290
03/03/2021,69.48473358154297,70.3530502319336,69.1030502319336,69.9427490234375,63.609947204589844,13939972
03/04/2021,69.8282470703125,69.96183013916016,68.43511199951172,68.864501953125,62.62934112548828,15975188
03/05/2021,69.18893432617188,70.0477066040039,68.71183013916016,69.78053283691406,63.46242141723633,12241164
03/08/2021,70.96373748779297,72.09923553466797,70.03816986083984,70.77290344238281,64.36494445800781,15391347
03/09/2021,71.14503479003906,72.00381469726562,70.73473358154297,70.74427795410156,64.33890533447266,14189920
03/10/2021,71.33587646484375,71.78434753417969,70.70610809326172,71.33587646484375,64.876953125,12827310
03/11/2021,71.45992279052734,71.90839385986328,71.17366027832031,71.21183013916016,64.7641372680664,13205324
03/12/2021,70.63931274414062,71.45992279052734,70.60114288330078,71.1832046508789,65.30689239501953,11493940
03/15/2021,72.04198455810547,73.05343627929688,71.64122009277344,72.7385482788086,66.73384857177734,17999295
03/16/2021,72.66221618652344,73.635498046875,72.65267181396484,73.29198455810547,67.2416000366211,15697887
03/17/2021,73.21565246582031,73.95037841796875,72.4904556274414,73.7595443725586,67.6705551147461,17533878
03/18/2021,73.72137451171875,74.60877990722656,73.67366027832031,73.73091888427734,67.64427947998047,14274179
03/19/2021,73.71183013916016,74.66603088378906,72.53816986083984,73.95992279052734,67.8543930053711,58225203
03/22/2021,72.3282470703125,74.42748260498047,72.08015441894531,73.95992279052734,67.8543930053711,11352879
03/23/2021,73.55915832519531,73.77862548828125,72.5477066040039,72.77671813964844,66.76885223388672,11651245
03/24/2021,72.58587646484375,73.16793823242188,72.4332046508789,72.74809265136719,66.74259948730469,9135416
03/25/2021,72.91984558105469,73.10114288330078,71.86068725585938,72.58587646484375,66.59378051757812,10700918
03/26/2021,72.66221618652344,73.9217529296875,72.3759536743164,73.84542083740234,67.74934387207031,10389767
03/29/2021,73.77862548828125,74.9522933959961,73.635498046875,74.71373748779297,68.54598236083984,11448562
03/30/2021,74.42748260498047,74.50381469726562,73.27290344238281,73.43511199951172,67.37289428710938,10123366
03/31/2021,73.5687026977539,74.13167572021484,73.12976837158203,73.55915832519531,67.48672485351562,13598219
04/01/2021,73.6259536743164,73.91221618652344,73.30152893066406,73.55915832519531,67.48672485351562,9121373
04/05/2021,73.96946716308594,74.34160614013672,73.26335906982422,73.47328186035156,67.40792846679688,9828144
04/06/2021,73.38740539550781,73.41603088378906,72.17557525634766,72.3187026977539,66.3486557006836,13394698
04/07/2021,72.59542083740234,72.90076446533203,72.25190734863281,72.63359069824219,66.6375503540039,8970566
04/08/2021,72.59542083740234,72.90076446533203,71.83206176757812,72.03244018554688,66.08602142333984,12007984
04/09/2021,72.05152893066406,72.88167572021484,71.97518920898438,72.81488800048828,66.80387115478516,8177439
04/12/2021,72.87213897705078,73.09160614013672,72.5,72.72901153564453,66.72509765625,9970672
04/13/2021,72.4904556274414,73.24427795410156,72.39503479003906,72.92938995361328,66.90892791748047,8627346
04/14/2021,72.80534362792969,73.27290344238281,72.53816986083984,72.90076446533203,66.8826675415039,8415545
04/15/2021,72.5667953491211,73.78816986083984,72.5667953491211,73.14885711669922,67.11028289794922,14541734
04/16/2021,73.71183013916016,74.18893432617188,73.30152893066406,73.9217529296875,67.81936645507812,12512806
04/19/2021,74.14122009277344,74.22709655761719,73.44465637207031,74.1030502319336,67.98570251464844,8536903
04/20/2021,74.12213897705078,75.51526641845703,74.12213897705078,74.97137451171875,68.78234100341797,11009345
04/21/2021,75.31488800048828,75.84923553466797,75.0667953491211,75.60114288330078,69.36012268066406,11817248
04/22/2021,75.38167572021484,75.43893432617188,74.00763702392578,74.38931274414062,68.24833679199219,13330560
04/23/2021,74.29389190673828,74.61832427978516,73.91221618652344,74.31298065185547,68.17829895019531,8598840
04/26/2021,74.29389190673828,74.34160614013672,73.7595443725586,73.97901153564453,67.87190246582031,7834219
04/27/2021,73.8740463256836,74.37023162841797,73.6832046508789,73.8167953491211,67.72308349609375,9095802
04/28/2021,74.05534362792969,74.45610809326172,73.3396987915039,73.55915832519531,67.48672485351562,11628398
04/29/2021,72.04198455810547,72.27098846435547,69.51335906982422,70.30534362792969,64.50150299072266,30602753
04/30/2021,70.20992279052734,71.64122009277344,70.114501953125,71.08778381347656,65.2193374633789,18052114
05/03/2021,70.85877990722656,72.53816986083984,70.82061004638672,72.5,66.5149917602539,12543302
05/04/2021,72.59542083740234,72.96755981445312,72.07061004638672,72.5095443725586,66.52375030517578,10418587
05/05/2021,72.614501953125,74.16984558105469,72.27098846435547,74.14122009277344,68.02071380615234,16795143
05/06/2021,73.89312744140625,74.29389190673828,73.17748260498047,74.21755981445312,68.09076690673828,12871641
05/07/2021,74.43701934814453,75.0572509765625,74.32251739501953,74.8187026977539,68.64228057861328,12237496
05/10/2021,75.20992279052734,75.55343627929688,74.58015441894531,74.5896987915039,68.4321517944336,10939758
05/11/2021,74.26526641845703,75.0572509765625,73.61640930175781,73.91221618652344,67.81061553955078,12148102
05/12/2021,74.15076446533203,74.9332046508789,73.7595443725586,74.42748260498047,68.28334045410156,13379711
05/13/2021,74.32251739501953,75.37213897705078,74.08396911621094,75.08587646484375,68.88739776611328,10830451
05/14/2021,75.43893432617188,75.52481079101562,74.63740539550781,74.7042007446289,68.53722381591797,8273122
05/17/2021,75.0667953491211,76.49809265136719,74.9904556274414,76.21183013916016,69.92039489746094,12532508
05/18/2021,75.70610809326172,76.14503479003906,75.27671813964844,75.74427795410156,69.49143981933594,7943106
05/19/2021,75.31488800048828,75.76335906982422,74.37976837158203,75.72518920898438,69.47393035888672,9132796
05/20/2021,75.31488800048828,76.32633972167969,75.28626251220703,76.0114517211914,69.73656463623047,7345222
05/21/2021,76.26908111572266,76.6603012084961,75.45801544189453,75.55343627929688,69.31634521484375,10863987
05/24/2021,75.88740539550781,76.00190734863281,75.34351348876953,75.4103012084961,69.1850357055664,8737910
05/25/2021,75.38167572021484,75.62023162841797,73.91221618652344,73.95037841796875,67.84563446044922,14331714
05/26/2021,73.99809265136719,74.20801544189453,73.44465637207031,73.6927490234375,67.60926818847656,9686454
05/27/2021,73.95037841796875,74.0457992553711,72.40457916259766,72.4427490234375,66.46245574951172,17675149
05/28/2021,72.53816986083984,72.90076446533203,72.3282470703125,72.41412353515625,66.4361801147461,13969735
06/01/2021,72.57633972167969,72.65267181396484,71.59351348876953,71.73664093017578,65.81464385986328,15798914
06/02/2021,71.86068725585938,72.60496520996094,71.82251739501953,72.39503479003906,66.41868591308594,11830453
06/03/2021,73.22000122070312,74.0,72.9000015258789,73.91000366210938,67.80859375,15974400
06/04/2021,74.19999694824219,74.4800033569336,73.9000015258789,74.11000061035156,67.99208068847656,12728500
06/07/2021,74.13999938964844,74.19999694824219,72.77999877929688,72.80000305175781,66.79023742675781,16794400
06/08/2021,72.94999694824219,73.16999816894531,72.08000183105469,72.4000015258789,66.42323303222656,13657700
06/09/2021,73.0,74.30000305175781,72.94999694824219,74.04000091552734,67.92787170410156,12258700
06/10/2021,75.2300033569336,76.47000122070312,74.73999786376953,76.13999938964844,69.85448455810547,17236700
06/11/2021,76.70999908447266,76.86000061035156,75.61000061035156,76.2699966430664,69.97377014160156,13928400
06/14/2021,75.73999786376953,75.80000305175781,74.87999725341797,75.44999694824219,69.81645965576172,7841400
06/15/2021,75.5,75.7699966430664,74.72000122070312,75.69999694824219,70.04779052734375,14185700
06/16/2021,76.22000122070312,77.55000305175781,76.19000244140625,76.61000061035156,70.88984680175781,17576900
06/17/2021,76.33999633789062,77.47000122070312,75.98999786376953,77.2300033569336,71.46355438232422,14233200
06/18/2021,76.73999786376953,77.22000122070312,76.16000366210938,76.61000061035156,70.88984680175781,19351900
06/21/2021,76.88999938964844,77.29000091552734,76.55000305175781,76.75,71.0193862915039,10880800
06/22/2021,76.58999633789062,76.73999786376953,76.01000213623047,76.19000244140625,70.5011978149414,10957500
06/23/2021,75.8499984741211,76.26000213623047,75.55000305175781,75.58000183105469,69.93675994873047,9539100
06/24/2021,75.7300033569336,76.63999938964844,75.7300033569336,76.36000061035156,70.65851593017578,8601900
06/25/2021,76.05999755859375,77.97000122070312,76.05000305175781,77.19999694824219,71.43578338623047,50285200
06/28/2021,77.25,77.73999786376953,76.79000091552734,76.86000061035156,71.1211929321289,8796200
06/29/2021,77.0,77.33000183105469,76.81999969482422,77.20999908447266,71.44503784179688,7696600
06/30/2021,77.4000015258789,78.08999633789062,77.2300033569336,77.7699966430664,71.96321868896484,13811900
07/01/2021,77.6500015258789,78.1500015258789,77.51000213623047,77.98999786376953,72.16680145263672,9212000
07/02/2021,78.04000091552734,78.7699966430664,77.76000213623047,78.5999984741211,72.73126220703125,7668000
07/06/2021,78.13999938964844,78.3499984741211,77.55999755859375,78.11000061035156,72.27783966064453,6720500
07/07/2021,78.41000366210938,78.61000061035156,78.12999725341797,78.55999755859375,72.69425964355469,8275100
07/08/2021,77.7699966430664,78.30000305175781,77.30999755859375,78.12000274658203,72.287109375,8400400
07/09/2021,78.41999816894531,78.69000244140625,77.94000244140625,77.98999786376953,72.16680145263672,6006500
07/12/2021,77.55000305175781,78.43000030517578,77.38999938964844,77.55000305175781,71.75965881347656,11087900
07/13/2021,77.4000015258789,77.7699966430664,77.23999786376953,77.61000061035156,71.815185546875,6465800
07/14/2021,77.5999984741211,77.72000122070312,76.87999725341797,77.62000274658203,71.8244400024414,7163200
07/15/2021,77.62000274658203,78.04000091552734,77.20999908447266,77.9000015258789,72.0835189819336,7041300
07/16/2021,78.01000213623047,78.37999725341797,77.62999725341797,78.0199966430664,72.1945571899414,7638200
07/19/2021,77.80999755859375,78.33999633789062,76.1500015258789,77.05000305175781,71.2969970703125,9830600
07/20/2021,77.19000244140625,78.12999725341797,75.94999694824219,76.16999816894531,70.48270416259766,11627600
07/21/2021,76.31999969482422,76.45999908447266,75.63999938964844,76.38999938964844,70.68627166748047,7429300
07/22/2021,76.5999984741211,76.79000091552734,76.08000183105469,76.52999877929688,70.81580352783203,8708900
07/23/2021,76.80000305175781,77.68000030517578,76.7300033569336,77.54000091552734,71.75041198730469,6560800
07/26/2021,77.45999908447266,77.61000061035156,76.95999908447266,77.23999786376953,71.4728012084961,5071800
07/27/2021,77.16999816894531,78.12999725341797,76.73999786376953,77.8499984741211,72.03724670410156,8136000
07/28/2021,77.86000061035156,78.66999816894531,77.47000122070312,78.33000183105469,72.4814224243164,11037900
07/29/2021,77.55000305175781,77.91999816894531,76.80999755859375,76.93000030517578,71.18595123291016,11583000
07/30/2021,77.12000274658203,77.76000213623047,76.7699966430664,76.87000274658203,71.13043975830078,13004500
08/02/2021,76.93000030517578,77.26000213623047,76.13999938964844,76.18000030517578,70.49195861816406,9083400
08/03/2021,76.36000061035156,76.80999755859375,76.19000244140625,76.41000366210938,70.70478057861328,9952400
08/04/2021,76.48999786376953,76.48999786376953,75.45999908447266,75.4800033569336,69.84423065185547,10893400
08/05/2021,75.5199966430664,75.69000244140625,74.93000030517578,75.58999633789062,69.94600677490234,8701600
08/06/2021,75.62000274658203,75.66000366210938,74.98999786376953,75.44000244140625,69.80719757080078,8670700
08/09/2021,75.8499984741211,76.22000122070312,75.0,75.31999969482422,69.69615936279297,7867000
08/10/2021,75.1500015258789,75.36000061035156,74.81999969482422,75.19000244140625,69.57585906982422,11243100
08/11/2021,75.58000183105469,75.7699966430664,75.13999938964844,75.20999908447266,69.59437561035156,6952200
08/12/2021,75.12000274658203,76.05999755859375,75.05999755859375,76.04000091552734,70.3624038696289,6077100
08/13/2021,76.36000061035156,76.7699966430664,76.22000122070312,76.72000122070312,70.99163818359375,6810400
08/16/2021,76.7300033569336,78.01000213623047,76.63999938964844,77.93000030517578,72.11128234863281,9368400
08/17/2021,77.9000015258789,79.05999755859375,77.83000183105469,78.83000183105469,72.944091796875,10311600
08/18/2021,78.87999725341797,79.06999969482422,77.75,77.79000091552734,71.98173522949219,7459100
08/19/2021,77.70999908447266,79.13999938964844,77.70999908447266,78.45999908447266,72.60172271728516,8865400
08/20/2021,78.52999877929688,79.19999694824219,78.22000122070312,78.68000030517578,72.80528259277344,6284200
08/23/2021,79.11000061035156,79.2300033569336,78.33999633789062,78.37999725341797,72.52767944335938,6492600
08/24/2021,78.2699966430664,78.2699966430664,77.54000091552734,77.72000122070312,71.91697692871094,8698100
08/25/2021,77.80999755859375,77.80999755859375,76.4000015258789,77.06999969482422,71.31549072265625,7045800
08/26/2021,77.11000061035156,77.31999969482422,76.51000213623047,76.56999969482422,70.85282135009766,6640400
08/27/2021,76.80999755859375,76.97000122070312,76.16999816894531,76.30000305175781,70.60298919677734,6010000
08/30/2021,76.30000305175781,76.83999633789062,76.20999908447266,76.5,70.78805541992188,7339700
08/31/2021,76.79000091552734,77.0999984741211,76.02999877929688,76.29000091552734,70.59373474121094,10949500
09/01/2021,76.22000122070312,76.80000305175781,75.83000183105469,76.18000030517578,70.49195861816406,9187200
09/02/2021,76.4800033569336,77.13999938964844,76.16999816894531,77.12000274658203,71.36177062988281,6559400
09/03/2021,77.26000213623047,77.37999725341797,76.69000244140625,77.26000213623047,71.49131774902344,6629800
09/07/2021,76.58999633789062,76.87000274658203,75.16999816894531,75.9800033569336,70.306884765625,13979500
09/08/2021,75.97000122070312,75.97000122070312,74.80000305175781,75.36000061035156,69.73319244384766,8243000
09/09/2021,75.19000244140625,75.19000244140625,73.5999984741211,73.81999969482422,68.30816650390625,14628700
09/10/2021,73.9800033569336,74.20999908447266,73.12000274658203,73.44999694824219,67.96578216552734,11084500
09/13/2021,73.7699966430664,73.83000183105469,72.86000061035156,73.18000030517578,67.71595001220703,11245200
09/14/2021,73.05000305175781,73.13999938964844,72.05999755859375,72.11000061035156,67.32382202148438,15202800
09/15/2021,72.08000183105469,73.1500015258789,71.87999725341797,72.80999755859375,67.97736358642578,12555900
09/16/2021,73.0199966430664,73.0199966430664,71.69000244140625,71.97000122070312,67.19313049316406,14818900
09/17/2021,71.19000244140625,72.0,70.88999938964844,71.68000030517578,66.92237091064453,43406600
09/20/2021,71.16000366210938,72.61000061035156,71.12000274658203,71.93000030517578,67.15577697753906,15989400
09/21/2021,72.4800033569336,72.68000030517578,71.7699966430664,71.97000122070312,67.19313049316406,11995900
09/22/2021,72.33000183105469,72.41000366210938,71.86000061035156,72.04000091552734,67.25847625732422,9028700
09/23/2021,72.68000030517578,74.04000091552734,72.56999969482422,73.05000305175781,68.20143127441406,12813500
09/24/2021,73.58999633789062,74.62999725341797,73.3499984741211,73.61000061035156,68.7242660522461,14714700
09/27/2021,73.51000213623047,74.2699966430664,73.33999633789062,73.36000061035156,68.49085998535156,8630600
09/28/2021,73.55000305175781,73.81999969482422,72.66000366210938,73.31999969482422,68.4535140991211,11836200
09/29/2021,73.61000061035156,75.69999694824219,73.58000183105469,75.08999633789062,70.10602569580078,16054500
09/30/2021,75.58000183105469,76.6500015258789,75.0999984741211,75.11000061035156,70.12470245361328,16248600
10/01/2021,81.55999755859375,84.33999633789062,80.62999725341797,81.4000015258789,75.99720764160156,102497300
10/04/2021,84.16999816894531,84.55999755859375,82.41999816894531,83.0999984741211,77.5843734741211,53553300
10/05/2021,82.77999877929688,83.38999938964844,81.30000305175781,81.5999984741211,76.18395233154297,28977800
10/06/2021,81.5,81.68000030517578,80.1500015258789,80.66000366210938,75.30633544921875,17608000
10/07/2021,81.54000091552734,82.66999816894531,81.02999877929688,81.94000244140625,76.50137329101562,14190500
10/08/2021,81.66999816894531,81.80000305175781,80.52999877929688,80.62999725341797,75.27832794189453,12121100
10/11/2021,81.63999938964844,81.63999938964844,79.87000274658203,79.93000030517578,74.62479400634766,11279700
10/12/2021,80.18000030517578,80.18000030517578,79.25,79.58999633789062,74.30735778808594,10945000
10/13/2021,79.58999633789062,79.66000366210938,78.77999877929688,78.94999694824219,73.70983123779297,9462600
10/14/2021,78.97000122070312,79.66999816894531,77.9800033569336,78.33000183105469,73.1309814453125,14607900
10/15/2021,78.19999694824219,79.05999755859375,77.9800033569336,78.33000183105469,73.1309814453125,12866800
10/18/2021,78.73999786376953,78.73999786376953,77.11000061035156,77.1500015258789,72.0293197631836,13075500
10/19/2021,78.7300033569336,79.5199966430664,78.11000061035156,79.48999786376953,74.2139892578125,15577100
10/20/2021,79.31999969482422,81.25,79.30999755859375,81.06999969482422,75.68912506103516,11465500
10/21/2021,81.11000061035156,81.26000213623047,80.27999877929688,81.16999816894531,75.78248596191406,9893600
10/22/2021,81.1500015258789,81.4800033569336,80.87999725341797,81.1500015258789,75.76380157470703,7543600
10/25/2021,81.02999877929688,81.72000122070312,79.94999694824219,81.66000366210938,76.2399673461914,9365900
10/26/2021,81.9000015258789,82.36000061035156,81.70999908447266,82.25,76.7907943725586,9352500
10/27/2021,82.4800033569336,82.4800033569336,81.30000305175781,81.54000091552734,76.12793731689453,8465400
10/28/2021,83.37999725341797,86.86000061035156,83.16999816894531,86.55000305175781,80.8053970336914,28854700
10/29/2021,86.48999786376953,88.45999908447266,86.16999816894531,88.05000305175781,82.20584106445312,18678600
11/01/2021,88.05000305175781,88.62999725341797,87.29000091552734,87.83999633789062,82.00978088378906,10943900
11/02/2021,88.2300033569336,90.41999816894531,87.4800033569336,89.0199966430664,83.1114501953125,14671400
11/03/2021,88.7699966430664,89.41999816894531,88.20999908447266,88.68000030517578,82.79402160644531,10883900
11/04/2021,90.37000274658203,91.4000015258789,89.2699966430664,90.54000091552734,84.53057098388672,19519800
11/05/2021,82.29000091552734,84.0,81.3499984741211,81.61000061035156,76.19327545166016,37623900
11/08/2021,80.41000366210938,82.87999725341797,79.87999725341797,82.68000030517578,77.1922607421875,18655700
11/09/2021,83.62000274658203,83.70999908447266,81.91000366210938,82.72000122070312,77.22960662841797,10512000
11/10/2021,83.30999755859375,84.0199966430664,82.69999694824219,84.01000213623047,78.4339828491211,9855900
11/11/2021,83.91999816894531,84.26000213623047,83.52999877929688,84.0199966430664,78.44331359863281,5761500
11/12/2021,83.83999633789062,84.19999694824219,83.05000305175781,84.0,78.42465209960938,8206700
11/15/2021,84.1500015258789,84.18000030517578,83.4000015258789,83.69000244140625,78.13522338867188,7108200
11/16/2021,83.66999816894531,84.69000244140625,83.25,84.11000061035156,78.52735137939453,10565200
11/17/2021,84.37000274658203,84.66999816894531,82.58999633789062,82.5999984741211,77.11756896972656,10286300
11/18/2021,82.30000305175781,83.13999938964844,82.0199966430664,83.05000305175781,77.53770446777344,9833600
11/19/2021,82.37000274658203,82.75,80.62000274658203,80.69999694824219,75.34367370605469,17581100
11/22/2021,81.0,82.06999969482422,80.54000091552734,81.63999938964844,76.22128295898438,10880200
11/23/2021,81.48999786376953,83.58999633789062,81.33999633789062,82.80000305175781,77.30430603027344,12130800
11/24/2021,82.80000305175781,82.9000015258789,81.95999908447266,82.27999877929688,76.81880187988281,8537000
11/26/2021,78.7300033569336,79.93000030517578,77.11000061035156,79.16000366210938,73.90589904785156,18022000
11/29/2021,76.41999816894531,77.5,74.0,74.88999938964844,69.91930389404297,34192400
11/30/2021,74.75,75.02999877929688,73.83999633789062,74.91000366210938,69.93798065185547,30179900
12/01/2021,75.52999877929688,76.91000366210938,74.38999938964844,74.44000244140625,69.49918365478516,21435900
12/02/2021,74.37999725341797,74.77999877929688,73.30000305175781,73.88999938964844,68.98567962646484,15345300
12/03/2021,74.08999633789062,74.25,72.66000366210938,73.33999633789062,68.4721908569336,14508900
12/06/2021,73.30000305175781,73.8499984741211,72.80000305175781,73.41999816894531,68.54686737060547,13506800
12/07/2021,72.02999877929688,72.72000122070312,71.5,72.27999877929688,67.4825439453125,17635100
12/08/2021,72.54000091552734,73.41000366210938,72.08000183105469,73.20999908447266,68.35082244873047,14331400
12/09/2021,73.44000244140625,73.55999755859375,72.69000244140625,72.86000061035156,68.0240478515625,11938000
12/10/2021,73.12000274658203,73.2300033569336,72.25,72.62000274658203,67.79997253417969,11398800
12/13/2021,72.37000274658203,73.44999694824219,71.97000122070312,73.41999816894531,68.54686737060547,17486100
12/14/2021,72.36000061035156,74.04000091552734,72.16000366210938,73.72000122070312,69.47993469238281,18949700
12/15/2021,73.70999908447266,75.38999938964844,73.70999908447266,75.29000091552734,70.95963287353516,14263400
12/16/2021,75.5,76.52999877929688,75.2699966430664,75.91000366210938,71.54398345947266,16601700
12/17/2021,76.55999755859375,77.73999786376953,75.5,75.69000244140625,71.33663940429688,28040600
12/20/2021,75.69999694824219,76.5,74.94999694824219,76.41000366210938,72.01522064208984,11818800
12/21/2021,76.25,76.27999877929688,74.88999938964844,75.54000091552734,71.19525146484375,14947800
12/22/2021,75.44000244140625,76.55999755859375,75.12999725341797,76.16000366210938,71.77959442138672,9256000
12/23/2021,76.30000305175781,76.30000305175781,75.3499984741211,75.7300033569336,71.37432098388672,9894900
12/27/2021,76.0,76.61000061035156,75.7699966430664,76.56999969482422,72.16600799560547,6334700
12/28/2021,76.68000030517578,77.13999938964844,76.20999908447266,76.80999755859375,72.3922119140625,5727100
12/29/2021,76.80000305175781,77.18000030517578,76.47000122070312,76.94999694824219,72.52416229248047,5926100
12/30/2021,77.12000274658203,77.61000061035156,76.97000122070312,77.13999938964844,72.70323181152344,5859100
12/31/2021,77.13999938964844,77.55000305175781,76.62000274658203,76.63999938964844,72.23198699951172,6019500
01/03/2022,76.58000183105469,76.94000244140625,75.3499984741211,76.87000274658203,72.4487533569336,9441200
01/04/2022,76.4000015258789,77.2699966430664,75.88999938964844,77.01000213623047,72.5807113647461,11981700
01/05/2022,77.26000213623047,79.80999755859375,77.26000213623047,78.87999725341797,74.3431625366211,17447900
01/06/2022,78.79000091552734,79.58000183105469,77.94999694824219,78.83000183105469,74.29603576660156,11359200
01/07/2022,78.86000061035156,80.52999877929688,78.45999908447266,80.30000305175781,75.68148040771484,15212000
01/10/2022,80.54000091552734,82.44999694824219,79.66999816894531,82.37000274658203,77.63243103027344,19636800
01/11/2022,82.41999816894531,82.55999755859375,80.6500015258789,81.66999816894531,76.97269439697266,11585100
01/12/2022,81.08000183105469,81.41999816894531,80.66999816894531,81.19999694824219,76.52971649169922,13057000
01/13/2022,80.93000030517578,81.72000122070312,80.33000183105469,81.31999969482422,76.64280700683594,9678100
01/14/2022,81.5999984741211,81.8499984741211,80.7699966430664,81.37999725341797,76.69937133789062,9478000
01/18/2022,81.0999984741211,82.16000366210938,80.80999755859375,81.54000091552734,76.85015869140625,14493100
01/19/2022,80.9800033569336,81.9800033569336,80.4800033569336,81.29000091552734,76.61454010009766,11448200
01/20/2022,80.7300033569336,81.86000061035156,80.5199966430664,80.75,76.10559844970703,12069600
01/21/2022,81.2699966430664,81.5199966430664,79.23999786376953,79.9800033569336,75.3798828125,18461700
01/24/2022,79.7699966430664,80.11000061035156,76.6500015258789,78.83000183105469,74.29603576660156,17289000
01/25/2022,78.41999816894531,79.77999877929688,77.77999877929688,79.45999908447266,74.8897933959961,13662400
01/26/2022,79.38999938964844,80.33999633789062,78.7300033569336,79.13999938964844,74.58819580078125,13046600
01/27/2022,78.41999816894531,81.5999984741211,78.41999816894531,80.58000183105469,75.94538116455078,20187200
01/28/2022,79.54000091552734,80.98999786376953,79.18000030517578,80.9000015258789,76.2469711303711,13915300
01/31/2022,81.0199966430664,81.72000122070312,80.80000305175781,81.4800033569336,76.79361724853516,13035000
02/01/2022,81.95999908447266,82.12000274658203,81.08000183105469,81.91999816894531,77.20830535888672,10803300
02/02/2022,81.80000305175781,82.30000305175781,81.26000213623047,82.01000213623047,77.29312896728516,13988200
02/03/2022,81.6500015258789,81.80000305175781,78.4000015258789,79.01000213623047,74.46566772460938,19181400
02/04/2022,78.51000213623047,79.55000305175781,78.19999694824219,78.55999755859375,74.04154968261719,10716200
02/07/2022,78.79000091552734,78.91999816894531,77.44000244140625,77.58000183105469,73.11793518066406,23615300
02/08/2022,77.0999984741211,77.33000183105469,75.81999969482422,76.91000366210938,72.4864730834961,17486500
02/09/2022,77.16999816894531,77.33000183105469,76.41000366210938,76.52999877929688,72.12831115722656,15183100
02/10/2022,76.36000061035156,76.7699966430664,75.93000030517578,76.55999755859375,72.1565933227539,12437600
02/11/2022,76.4000015258789,77.9000015258789,76.16999816894531,76.63999938964844,72.23198699951172,9342300
02/14/2022,76.62999725341797,76.69999694824219,75.11000061035156,76.47000122070312,72.07176971435547,9881100
02/15/2022,77.51000213623047,78.19000244140625,77.31999969482422,77.80999755859375,73.33470153808594,11425600
02/16/2022,77.19999694824219,77.80000305175781,76.93000030517578,77.22000122070312,72.77862548828125,9981300
02/17/2022,76.8499984741211,76.93000030517578,76.0,76.36000061035156,71.96809387207031,8889300
02/18/2022,76.31999969482422,76.86000061035156,75.88999938964844,76.37000274658203,71.97753143310547,8780500
02/22/2022,76.45999908447266,76.86000061035156,75.61000061035156,75.94999694824219,71.58168029785156,9052500
02/23/2022,76.19000244140625,76.44000244140625,75.62000274658203,75.83999633789062,71.47799682617188,9659100
02/24/2022,75.0999984741211,75.31999969482422,72.87999725341797,73.51000213623047,69.28202056884766,21135600
02/25/2022,74.19999694824219,77.29000091552734,74.16999816894531,76.31999969482422,71.93040466308594,13665900
02/28/2022,75.83000183105469,76.76000213623047,74.77999877929688,76.58000183105469,72.17544555664062,14126100
03/01/2022,76.5,77.76000213623047,75.94999694824219,76.33999633789062,71.94924926757812,9807300
03/02/2022,76.30999755859375,77.22000122070312,76.05999755859375,76.66999816894531,72.26026153564453,9697500
03/03/2022,76.7699966430664,77.54000091552734,76.41000366210938,77.1500015258789,72.71265411376953,8191100
03/04/2022,76.68000030517578,77.86000061035156,76.0199966430664,77.83000183105469,73.35354614257812,12216300
03/07/2022,77.01000213623047,78.29000091552734,76.08000183105469,77.7300033569336,73.2593002319336,14008400
03/08/2022,77.25,78.08999633789062,76.55999755859375,76.94999694824219,72.52416229248047,10184100
03/09/2022,77.62000274658203,78.22000122070312,77.05000305175781,77.79000091552734,73.31584167480469,9746000
03/10/2022,77.62999725341797,78.19999694824219,77.33000183105469,77.88999938964844,73.41008758544922,8972200
03/11/2022,78.31999969482422,79.62999725341797,78.19999694824219,78.26000213623047,73.75881958007812,9424500
03/14/2022,77.9000015258789,78.61000061035156,77.30999755859375,77.77999877929688,73.95850372314453,10085400
03/15/2022,77.68000030517578,79.01000213623047,77.4000015258789,78.63999938964844,74.7762451171875,11403000
03/16/2022,78.95999908447266,79.11000061035156,77.6500015258789,78.12000274658203,74.28179168701172,10944000
03/17/2022,78.1500015258789,79.37000274658203,78.05999755859375,78.94000244140625,75.06150817871094,10279400
03/18/2022,79.18000030517578,79.73999786376953,78.62999725341797,79.11000061035156,75.22315216064453,21064800
03/21/2022,79.66999816894531,80.44999694824219,78.91000366210938,79.05999755859375,75.17559814453125,10478300
03/22/2022,79.2699966430664,79.77999877929688,78.7699966430664,79.30000305175781,75.40382385253906,10016600
03/23/2022,79.30000305175781,80.58000183105469,79.2300033569336,79.7300033569336,75.81269836425781,8470400
03/24/2022,80.04000091552734,80.66999816894531,79.72000122070312,80.41000366210938,76.45928955078125,7605000
03/25/2022,80.58999633789062,81.37999725341797,80.44999694824219,81.33999633789062,77.34358978271484,7125600
03/28/2022,81.37000274658203,81.66999816894531,80.7300033569336,81.20999908447266,77.21997833251953,7071900
03/29/2022,81.66000366210938,81.76000213623047,80.73999786376953,81.56999969482422,77.56230163574219,7398700
03/30/2022,81.83999633789062,82.69999694824219,81.66999816894531,82.4000015258789,78.35150909423828,9326600
03/31/2022,82.9000015258789,83.37999725341797,81.94000244140625,82.05000305175781,78.01870727539062,12466800
04/01/2022,82.19000244140625,83.58000183105469,81.63999938964844,83.5199966430664,79.4164810180664,10086700
04/04/2022,83.5,83.88999938964844,82.7300033569336,83.48999786376953,79.38795471191406,9039600
04/05/2022,83.66000366210938,85.43000030517578,83.51000213623047,83.72000122070312,79.60665893554688,12040900
04/06/2022,84.36000061035156,85.55999755859375,84.12000274658203,84.97000122070312,80.79523468017578,13924300
04/07/2022,85.75,87.11000061035156,84.95999908447266,86.80000305175781,82.53533172607422,13104300
04/08/2022,86.63999938964844,87.83999633789062,86.26000213623047,87.68000030517578,83.37208557128906,11409300
04/11/2022,88.31999969482422,89.4800033569336,86.18000030517578,86.62999725341797,82.37367248535156,14381000
04/12/2022,86.0,86.55000305175781,85.22000122070312,85.62999725341797,81.42281341552734,12543000
04/13/2022,85.80000305175781,86.23999786376953,84.83000183105469,86.12999725341797,81.89823913574219,12743800
04/14/2022,86.12999725341797,87.51000213623047,85.41000366210938,86.91000366210938,82.63993072509766,22096100
04/18/2022,86.41999816894531,87.44999694824219,85.68000030517578,86.06999969482422,81.84120178222656,7995100
04/19/2022,85.97000122070312,86.08999633789062,85.12000274658203,85.79000091552734,81.57494354248047,8494700
04/20/2022,85.5199966430664,86.81999969482422,85.4800033569336,86.45999908447266,82.21202850341797,8719400
04/21/2022,86.41000366210938,87.2300033569336,85.38999938964844,86.2300033569336,81.99333190917969,8562400
04/22/2022,85.86000061035156,86.13999938964844,84.5,84.58999633789062,80.43390655517578,7914000
04/25/2022,84.58999633789062,85.80999755859375,83.52999877929688,85.44000244140625,81.24214935302734,10573400
04/26/2022,85.76000213623047,86.19999694824219,84.38999938964844,84.4800033569336,80.32931518554688,9009600
04/27/2022,84.30000305175781,85.12999725341797,83.5999984741211,84.41000366210938,80.26275634765625,10781300
04/28/2022,85.75,89.37000274658203,85.0,88.58000183105469,84.22786712646484,21092300
04/29/2022,88.66000366210938,90.01000213623047,88.08999633789062,88.69000244140625,84.33246612548828,15914200
05/02/2022,88.72000122070312,88.83999633789062,86.62999725341797,87.6500015258789,83.34356689453125,12124900
05/03/2022,86.98999786376953,88.23999786376953,86.43000030517578,87.0999984741211,82.82059478759766,8425600
05/04/2022,86.56999969482422,88.7699966430664,86.36000061035156,88.5199966430664,84.17081451416016,10763500
05/05/2022,88.41999816894531,88.66000366210938,87.02999877929688,88.01000213623047,83.68587493896484,9548300
05/06/2022,87.73999786376953,88.91999816894531,87.4800033569336,88.38999938964844,84.04721069335938,12227400
05/09/2022,87.5,88.05999755859375,86.91000366210938,87.63999938964844,83.33405303955078,11901500
05/10/2022,88.12000274658203,89.29000091552734,87.2699966430664,87.80999755859375,83.4957046508789,12370800
05/11/2022,87.41999816894531,90.80999755859375,87.41999816894531,89.19000244140625,84.80790710449219,16338600
05/12/2022,89.8499984741211,90.8499984741211,88.36000061035156,90.83000183105469,86.36732482910156,14210200
05/13/2022,90.69999694824219,91.05000305175781,89.26000213623047,90.41000366210938,85.96797943115234,10308100
05/16/2022,90.79000091552734,92.87000274658203,90.68000030517578,92.31999969482422,87.78412628173828,13999000
05/17/2022,92.30999755859375,94.55999755859375,91.51000213623047,93.0,88.43070983886719,17582800
05/18/2022,92.55999755859375,93.16000366210938,91.7699966430664,92.0999984741211,87.57491302490234,12717600
05/19/2022,91.25,92.61000061035156,90.87999725341797,92.08999633789062,87.56541442871094,11121600
05/20/2022,92.44999694824219,94.08000183105469,92.44999694824219,93.55000305175781,88.95368957519531,11757100
05/23/2022,93.58999633789062,94.91999816894531,93.4000015258789,93.83000183105469,89.21992492675781,9067000
05/24/2022,94.25,94.80000305175781,93.56999969482422,94.63999938964844,89.99014282226562,9021000
05/25/2022,94.36000061035156,94.76000213623047,93.13999938964844,93.75,89.14385986328125,11177700
05/26/2022,94.23999786376953,94.25,91.0,92.30999755859375,87.77458953857422,17249500
05/27/2022,92.27999877929688,93.11000061035156,91.75,93.08000183105469,88.50677490234375,9802000
05/31/2022,91.91000366210938,92.62000274658203,90.87000274658203,92.02999877929688,87.50835418701172,22860800
06/01/2022,91.66999816894531,91.93000030517578,90.04000091552734,91.13999938964844,86.6620864868164,10492500
06/02/2022,91.12999725341797,91.13999938964844,88.73999786376953,90.0,85.5781021118164,11066200
06/03/2022,89.73999786376953,90.68000030517578,89.68000030517578,89.91000366210938,85.49252319335938,7051600
06/06/2022,90.16999816894531,90.66000366210938,89.69000244140625,89.83999633789062,85.42595672607422,8336900
06/07/2022,90.1500015258789,90.81999969482422,89.58000183105469,90.4800033569336,86.0345230102539,10243300
06/08/2022,90.58000183105469,90.6500015258789,89.2699966430664,89.4800033569336,85.08364868164062,10266000
06/09/2022,89.25,89.79000091552734,87.91999816894531,88.0,83.67636108398438,7381100
06/10/2022,87.16999816894531,88.04000091552734,86.70999908447266,87.18000030517578,82.89665985107422,8861600
06/13/2022,85.70999908447266,86.51000213623047,84.62999725341797,85.0,80.82376861572266,12016100
06/14/2022,84.7699966430664,85.04000091552734,83.87000274658203,84.5,81.00590515136719,11226900
06/15/2022,84.55999755859375,85.37000274658203,83.75,84.62999725341797,81.13052368164062,11357100
06/16/2022,83.7699966430664,85.19000244140625,83.05000305175781,84.88999938964844,81.37977600097656,12925200
06/17/2022,84.63999938964844,85.76000213623047,83.38999938964844,84.62000274658203,81.1209487915039,32989100
06/21/2022,86.05000305175781,88.36000061035156,85.2699966430664,88.02999877929688,84.38993835449219,11778600
06/22/2022,88.04000091552734,90.33999633789062,88.02999877929688,89.16000366210938,85.47322845458984,11935400
06/23/2022,90.0,92.1500015258789,89.55999755859375,92.0,88.19579315185547,14718400
06/24/2022,93.25,93.79000091552734,91.69999694824219,93.12999725341797,89.27906036376953,25248400
06/27/2022,93.19999694824219,95.72000122070312,93.05000305175781,94.41000366210938,90.5061264038086,11949000
06/28/2022,94.11000061035156,94.33000183105469,91.47000122070312,91.88999938964844,88.09033203125,13523300
06/29/2022,92.30999755859375,92.9800033569336,91.88999938964844,92.51000213623047,88.68470001220703,8657100
06/30/2022,91.6500015258789,92.9000015258789,90.91000366210938,91.16999816894531,87.40010833740234,18551400
07/01/2022,91.30000305175781,92.48999786376953,90.38999938964844,92.41999816894531,88.5984115600586,11413800
07/05/2022,92.44000244140625,92.94999694824219,90.52999877929688,92.63999938964844,88.80931854248047,9574400
07/06/2022,93.30999755859375,94.51000213623047,92.69999694824219,93.12999725341797,89.27906036376953,10455300
07/07/2022,92.94000244140625,93.94999694824219,92.55000305175781,93.01000213623047,89.16401672363281,8140100
07/08/2022,92.91000366210938,93.81999969482422,92.41000366210938,92.77999877929688,88.94352722167969,7161500
07/11/2022,92.87999725341797,94.77999877929688,92.83000183105469,94.30000305175781,90.40068817138672,9507700
07/12/2022,93.77999877929688,94.23999786376953,93.13999938964844,93.5999984741211,89.72962188720703,7826500
07/13/2022,93.58999633789062,94.36000061035156,93.0199966430664,93.7699966430664,89.89258575439453,6415600
07/14/2022,92.55000305175781,94.05999755859375,92.05999755859375,93.87999725341797,89.99803924560547,6271000
07/15/2022,94.8499984741211,95.3499984741211,94.37000274658203,94.95999908447266,91.03339385986328,9731900
07/18/2022,94.9000015258789,95.0999984741211,91.91999816894531,92.33999633789062,88.521728515625,8653700
07/19/2022,93.1500015258789,93.38999938964844,92.12000274658203,92.36000061035156,88.5408935546875,8233600
07/20/2022,92.36000061035156,92.43000030517578,89.22000122070312,89.6500015258789,85.94296264648438,11844000
07/21/2022,89.1500015258789,90.41000366210938,88.91000366210938,90.13999938964844,86.41268920898438,8197000
07/22/2022,90.11000061035156,90.44999694824219,89.45999908447266,90.11000061035156,86.38394165039062,6354500
07/25/2022,90.19999694824219,90.7300033569336,89.75,90.52999877929688,86.78656768798828,6364500
07/26/2022,91.4000015258789,91.94999694824219,90.5999984741211,91.29000091552734,87.51513671875,6414100
07/27/2022,90.5,91.37000274658203,90.01000213623047,91.2300033569336,87.4576187133789,6966300
07/28/2022,91.04000091552734,91.12999725341797,87.41999816894531,89.94000244140625,86.22096252441406,13909800
07/29/2022,90.08000183105469,91.08000183105469,88.27999877929688,89.33999633789062,85.6457748413086,14938600
08/01/2022,89.33999633789062,90.0199966430664,88.3499984741211,88.52999877929688,84.8692626953125,7343300
08/02/2022,89.05999755859375,89.58999633789062,87.55000305175781,87.61000061035156,83.98731231689453,7443000
08/03/2022,87.25,88.0199966430664,86.76000213623047,87.62000274658203,83.99691009521484,8187600
08/04/2022,87.80999755859375,87.88999938964844,86.63999938964844,86.81999969482422,83.22997283935547,7993800
08/05/2022,86.52999877929688,87.52999877929688,86.0199966430664,87.41000366210938,83.79557800292969,8801200
08/08/2022,87.30000305175781,88.77999877929688,86.91999816894531,88.48999786376953,84.83091735839844,8149400
08/09/2022,88.75,90.23999786376953,86.80999755859375,89.5199966430664,85.81832122802734,13215500
08/10/2022,90.02999877929688,90.12999725341797,88.19000244140625,89.19000244140625,85.5019760131836,8140200
08/11/2022,87.80999755859375,89.81999969482422,87.36000061035156,88.93000030517578,85.25273132324219,7396800
08/12/2022,88.98999786376953,91.02999877929688,88.94999694824219,91.0199966430664,87.25630950927734,12317300
08/15/2022,90.83000183105469,90.83999633789062,89.88999938964844,90.5999984741211,86.85366821289062,6339800
08/16/2022,89.95999908447266,90.9000015258789,89.87000274658203,90.58999633789062,86.84408569335938,5661200
08/17/2022,90.33999633789062,91.88999938964844,90.30000305175781,91.04000091552734,87.27548217773438,6486000
08/18/2022,91.5,91.83999633789062,90.52999877929688,91.4000015258789,87.62059783935547,6111600
08/19/2022,91.55000305175781,93.0199966430664,91.52999877929688,92.08000183105469,88.27247619628906,8828700
08/22/2022,91.80999755859375,92.22000122070312,91.01000213623047,91.16000366210938,87.39051818847656,6652100
08/23/2022,90.87999725341797,90.98999786376953,89.72000122070312,90.19999694824219,86.47020721435547,5208800
08/24/2022,90.19999694824219,90.31999969482422,89.54000091552734,90.01000213623047,86.28807830810547,5553300
08/25/2022,90.51000213623047,90.51000213623047,89.06999969482422,90.2699966430664,86.53731536865234,5884300
08/26/2022,90.27999877929688,90.73999786376953,89.08999633789062,89.26000213623047,85.56908416748047,5695300
08/29/2022,88.83000183105469,89.0,87.55999755859375,87.58999633789062,83.96813201904297,7850200
08/30/2022,87.47000122070312,87.56999969482422,86.58000183105469,86.87999725341797,83.28748321533203,6754000
08/31/2022,87.04000091552734,87.12999725341797,85.16000366210938,85.36000061035156,81.83035278320312,11602000
09/01/2022,85.63999938964844,87.45999908447266,85.36000061035156,87.1500015258789,83.54633331298828,7528600
09/02/2022,87.23999786376953,87.77999877929688,85.87999725341797,86.2300033569336,82.66438293457031,6997500
09/06/2022,86.58000183105469,87.2699966430664,86.16000366210938,86.41999816894531,82.84651184082031,8244300
09/07/2022,86.55999755859375,87.0,85.06999969482422,86.87000274658203,83.27791595458984,6121700
09/08/2022,86.5,87.44999694824219,86.12999725341797,87.41999816894531,83.80516815185547,8109200
09/09/2022,87.58999633789062,88.16999816894531,87.2699966430664,87.33999633789062,83.72846221923828,7480100
09/12/2022,88.12999725341797,89.16999816894531,87.81999969482422,88.16000366210938,84.51457214355469,6351500
09/13/2022,87.31999969482422,87.61000061035156,86.11000061035156,86.27999877929688,82.7123031616211,7650000
09/14/2022,87.0,87.63999938964844,86.37999725341797,86.94999694824219,84.02657318115234,9418700
09/15/2022,87.1500015258789,87.43000030517578,86.19999694824219,86.75,83.83330535888672,8006800
09/16/2022,86.5999984741211,87.87000274658203,86.4000015258789,87.72000122070312,84.77069091796875,14842500
09/19/2022,86.8499984741211,86.94000244140625,85.63999938964844,86.63999938964844,83.72701263427734,7748600
09/20/2022,86.06999969482422,86.44999694824219,85.58999633789062,86.0,83.1085205078125,5454800
09/21/2022,86.25,86.5,84.5199966430664,84.52999877929688,81.68795013427734,7190800
09/22/2022,84.55000305175781,88.1500015258789,84.55000305175781,87.51000213623047,84.56775665283203,12329700
09/23/2022,87.4000015258789,88.01000213623047,86.08999633789062,86.77999877929688,83.86229705810547,9038500
09/26/2022,86.12000274658203,86.70999908447266,85.29000091552734,86.18000030517578,83.282470703125,8841000
09/27/2022,86.81999969482422,87.62999725341797,85.66999816894531,85.83999633789062,82.95389556884766,6532100
09/28/2022,86.98999786376953,87.25,86.19999694824219,86.77999877929688,83.86229705810547,6840000
09/29/2022,87.0,87.41999816894531,86.2300033569336,86.63999938964844,83.72701263427734,6601300
09/30/2022,87.25,87.62000274658203,86.0999984741211,86.12000274658203,83.22449493408203,9035600
10/03/2022,86.72000122070312,87.9000015258789,86.0199966430664,87.55000305175781,84.60640716552734,9186900
10/04/2022,87.54000091552734,88.6500015258789,87.0,88.38999938964844,85.41816711425781,7373000
10/05/2022,88.58000183105469,88.77999877929688,88.0199966430664,88.38999938964844,85.41816711425781,6065700
10/06/2022,87.76000213623047,88.01000213623047,87.2300033569336,87.44000244140625,84.50010681152344,8055500
10/07/2022,87.87999725341797,88.30000305175781,87.12000274658203,87.5999984741211,84.65472412109375,8837400
10/10/2022,89.93000030517578,91.58999633789062,89.70999908447266,90.4800033569336,87.43789672851562,14485000
10/11/2022,90.43000030517578,91.9800033569336,90.19999694824219,91.05000305175781,87.98873138427734,9743500
10/12/2022,91.25,91.72000122070312,90.37000274658203,90.41999816894531,87.3799057006836,8522200
10/13/2022,89.5,92.72000122070312,89.2699966430664,92.48999786376953,89.38031005859375,9382800
10/14/2022,92.2699966430664,93.36000061035156,91.73999786376953,92.18000030517578,89.08074188232422,9847600
10/17/2022,92.83999633789062,94.37000274658203,92.44999694824219,94.12000274658203,90.95551300048828,12139700
10/18/2022,94.41999816894531,95.31999969482422,94.0199966430664,94.61000061035156,91.42903137207031,9530400
10/19/2022,94.91000366210938,94.91000366210938,93.0999984741211,93.26000213623047,90.12442779541016,8546100
10/20/2022,93.19999694824219,93.4000015258789,92.36000061035156,92.94000244140625,89.81519317626953,7626000
10/21/2022,92.83999633789062,95.95999908447266,92.63999938964844,95.66999816894531,92.45339965820312,10297200
10/24/2022,96.44999694824219,98.41999816894531,96.2699966430664,97.37000274658203,94.09623718261719,11414900
10/25/2022,96.86000061035156,98.29000091552734,96.3499984741211,97.70999908447266,94.4248046875,8747900
10/26/2022,98.29000091552734,99.27999877929688,98.0,98.41000366210938,95.10128021240234,10374700
10/27/2022,99.83999633789062,101.5,99.5,99.73999786376953,96.38655853271484,12218400
10/28/2022,100.23999786376953,101.13999938964844,98.55000305175781,100.7699966430664,97.38191986083984,11228000
10/31/2022,99.94999694824219,101.36000061035156,99.30999755859375,101.19999694824219,97.79747009277344,11043800
11/01/2022,100.6500015258789,101.06999969482422,98.94999694824219,99.76000213623047,96.40587615966797,11079300
11/02/2022,99.6500015258789,101.02999877929688,98.9800033569336,99.4000015258789,96.05799102783203,9503500
11/03/2022,99.0,99.23999786376953,98.0,98.75,95.42984008789062,9912700
11/04/2022,99.0,99.37999725341797,97.95999908447266,99.19999694824219,95.86470031738281,8877600
11/07/2022,98.5,100.36000061035156,97.66999816894531,100.06999969482422,96.70545959472656,8644500
11/08/2022,100.06999969482422,101.97000122070312,99.52999877929688,101.5,98.0873794555664,8503900
11/09/2022,101.30000305175781,103.76000213623047,101.27999877929688,101.58999633789062,98.17435455322266,10602900
11/10/2022,102.69999694824219,102.80999755859375,100.5999984741211,101.88999938964844,98.46426391601562,9556000
11/11/2022,100.52999877929688,100.80999755859375,97.33000183105469,97.95999908447266,94.66639709472656,13342800
11/14/2022,98.69999694824219,101.69000244140625,98.69999694824219,100.3499984741211,96.97604370117188,8958200
11/15/2022,100.4000015258789,100.73999786376953,98.70999908447266,99.5999984741211,96.25125122070312,7965900
11/16/2022,99.58000183105469,100.80000305175781,99.48999786376953,99.93000030517578,96.57015991210938,8757700
11/17/2022,100.41000366210938,102.3499984741211,100.2699966430664,102.30999755859375,98.87014770507812,8496800
11/18/2022,102.62999725341797,104.5999984741211,102.62999725341797,104.2300033569336,100.72560119628906,11626300
11/21/2022,105.0,105.87000274658203,104.2300033569336,105.61000061035156,102.05919647216797,8899300
11/22/2022,106.12999725341797,107.0999984741211,106.05000305175781,106.9000015258789,103.30582427978516,8295700
11/23/2022,106.75,107.30000305175781,106.30000305175781,106.81999969482422,103.228515625,5749600
11/25/2022,106.55999755859375,107.5,106.55999755859375,107.5,103.8856430053711,3163700
11/28/2022,107.12999725341797,108.9000015258789,107.12999725341797,108.44999694824219,104.8037109375,9524500
11/29/2022,108.0,109.05999755859375,107.55000305175781,108.83999633789062,105.18058776855469,9352400
11/30/2022,108.69999694824219,110.33000183105469,107.62999725341797,110.12000274658203,106.41757202148438,20305800
12/01/2022,109.75,110.9800033569336,108.7699966430664,109.80000305175781,106.10832214355469,10110500
12/02/2022,109.0,110.08999633789062,108.70999908447266,110.04000091552734,106.34025573730469,6943600
12/05/2022,109.80999755859375,110.2300033569336,109.20999908447266,110.01000213623047,106.3112564086914,6961900
12/06/2022,110.36000061035156,110.76000213623047,108.41999816894531,108.93000030517578,105.267578125,7458700
12/07/2022,109.1500015258789,110.70999908447266,109.0,110.08999633789062,106.38856506347656,8270400
12/08/2022,110.27999877929688,111.0199966430664,110.12000274658203,110.8499984741211,107.1230239868164,7354800
12/09/2022,110.9800033569336,111.37000274658203,108.75,108.77999877929688,105.12261962890625,9667800
12/12/2022,107.93000030517578,109.0999984741211,107.31999969482422,108.97000122070312,105.30622863769531,10956600
12/13/2022,111.26000213623047,111.26000213623047,109.0,110.91000366210938,107.18099212646484,15836900
12/14/2022,110.5199966430664,112.16999816894531,110.04000091552734,111.55000305175781,108.51371002197266,10788300
12/15/2022,110.23999786376953,110.7699966430664,109.2300033569336,109.62999725341797,106.64596557617188,9871400
12/16/2022,109.23999786376953,109.69999694824219,108.2699966430664,109.19999694824219,106.22766876220703,29465900
12/19/2022,109.19000244140625,110.0999984741211,108.7699966430664,109.44000244140625,106.46113586425781,6949500
12/20/2022,109.94000244140625,110.66000366210938,109.16000366210938,109.70999908447266,106.72379302978516,8022000
12/21/2022,110.0999984741211,111.19000244140625,109.54000091552734,111.11000061035156,108.085693359375,6640900
12/22/2022,110.9000015258789,111.69000244140625,110.20999908447266,111.23999786376953,108.21214294433594,8373700
12/23/2022,111.25,112.12999725341797,110.87000274658203,111.86000061035156,108.81526947021484,4547400
12/27/2022,112.41000366210938,112.58999633789062,111.52999877929688,112.12000274658203,109.06819152832031,5125800
12/28/2022,112.88999938964844,112.88999938964844,111.05999755859375,111.08000183105469,108.0564956665039,5107800
12/29/2022,111.38999938964844,111.69999694824219,110.75,110.81999969482422,107.80357360839844,4467200
12/30/2022,111.2300033569336,111.41999816894531,110.12000274658203,110.94999694824219,107.93003845214844,5498600
01/03/2023,110.41000366210938,111.19999694824219,109.48999786376953,111.13999938964844,108.11486053466797,8062500
01/04/2023,112.31999969482422,112.61000061035156,111.23999786376953,112.08000183105469,109.02928924560547,8698600
01/05/2023,111.58999633789062,113.91000366210938,111.41999816894531,113.63999938964844,110.54682159423828,9578900
01/06/2023,114.31999969482422,115.48999786376953,114.05000305175781,114.83999633789062,111.71414947509766,8632300
01/09/2023,114.87999725341797,114.93000030517578,109.94000244140625,110.37999725341797,107.37555694580078,12858800
01/10/2023,110.55999755859375,112.01000213623047,109.87999725341797,110.80999755859375,107.7938461303711,12122800
01/11/2023,109.33999633789062,111.30999755859375,108.75,111.06999969482422,108.04676818847656,8626500
01/12/2023,110.91999816894531,112.0999984741211,110.02999877929688,111.7699966430664,108.72771453857422,8914800
01/13/2023,111.19999694824219,112.44000244140625,110.94999694824219,112.25,109.19465637207031,5757800
01/17/2023,112.02999877929688,112.48999786376953,110.31999969482422,110.44999694824219,107.44364929199219,10241100
01/18/2023,109.91999816894531,110.0999984741211,108.58000183105469,108.79000091552734,105.8288345336914,8799500
01/19/2023,108.44000244140625,110.18000030517578,108.0999984741211,109.9000015258789,106.90862274169922,6772900
01/20/2023,109.37999725341797,109.98999786376953,108.6500015258789,109.94000244140625,106.9475326538086,9216500
01/23/2023,109.93000030517578,110.36000061035156,109.16999816894531,109.87999725341797,106.88916778564453,8998800
01/24/2023,110.0,110.0,106.38999938964844,108.5199966430664,105.56617736816406,7424200
01/25/2023,108.70999908447266,109.93000030517578,108.33000183105469,108.58999633789062,105.63426971435547,6168000
01/26/2023,108.52999877929688,108.55000305175781,105.81999969482422,106.87000274658203,103.96109771728516,9672700
01/27/2023,106.20999908447266,106.68000030517578,105.11000061035156,105.37999725341797,102.51165008544922,7784900
01/30/2023,105.56999969482422,106.5,105.5,106.08999633789062,103.20232391357422,6476600
01/31/2023,106.0999984741211,107.44000244140625,105.9000015258789,107.41000366210938,104.48640441894531,7938900
02/01/2023,106.97000122070312,107.43000030517578,106.08000183105469,106.9800033569336,104.06809997558594,10103200
02/02/2023,104.0199966430664,105.80999755859375,101.75,103.45999908447266,100.64391326904297,16229900
02/03/2023,103.22000122070312,103.79000091552734,102.4800033569336,102.94000244140625,100.13806915283203,11210800
02/06/2023,103.43000030517578,104.62000274658203,102.83999633789062,104.02999877929688,101.19839477539062,9054500
02/07/2023,103.69999694824219,105.93000030517578,103.55999755859375,105.68000030517578,102.80348205566406,7904700
02/08/2023,105.80999755859375,107.5199966430664,105.31999969482422,106.63999938964844,103.73735809326172,8596300
02/09/2023,106.86000061035156,107.83999633789062,106.54000091552734,106.72000122070312,103.81517028808594,7976800
02/10/2023,106.97000122070312,108.7699966430664,106.87000274658203,108.56999969482422,105.61481475830078,7609600
02/13/2023,108.70999908447266,109.56999969482422,108.3499984741211,109.55000305175781,106.56815338134766,7383100
02/14/2023,109.94999694824219,110.0,108.19000244140625,108.73999786376953,105.78019714355469,6983900
02/15/2023,108.52999877929688,108.79000091552734,107.55999755859375,107.68000030517578,104.7490463256836,6416600
02/16/2023,106.81999969482422,107.45999908447266,106.2300033569336,106.51000213623047,103.61089324951172,5959300
02/17/2023,106.33000183105469,109.54000091552734,105.5199966430664,109.5199966430664,106.5389633178711,9474600
02/21/2023,108.9000015258789,109.87999725341797,108.62999725341797,109.06999969482422,106.10121154785156,6741500
02/22/2023,110.20999908447266,110.31999969482422,108.91999816894531,109.16000366210938,106.18875885009766,7213900
02/23/2023,109.26000213623047,111.23999786376953,109.0999984741211,110.58999633789062,107.57984161376953,6922800
02/24/2023,110.08999633789062,110.33000183105469,108.88999938964844,109.88999938964844,106.89888763427734,5787900
02/27/2023,110.02999877929688,110.12999725341797,108.5199966430664,109.36000061035156,106.3833236694336,5654800
02/28/2023,108.83000183105469,108.83999633789062,106.16000366210938,106.23999786376953,103.3482437133789,10209900
03/01/2023,105.95999908447266,107.55000305175781,105.95999908447266,106.6500015258789,103.74707794189453,6099000
03/02/2023,106.62999725341797,107.37000274658203,106.0999984741211,107.01000213623047,104.0972900390625,5097500
03/03/2023,107.37999725341797,107.38999938964844,106.12999725341797,106.87999725341797,103.97081756591797,6124300
03/06/2023,107.66000366210938,111.23999786376953,107.44999694824219,111.0999984741211,108.07595825195312,17776600
03/07/2023,111.7699966430664,112.18000030517578,110.72000122070312,111.2699966430664,108.24132537841797,13805300
03/08/2023,110.93000030517578,111.27999877929688,107.58999633789062,108.27999877929688,105.33271026611328,8440800
03/09/2023,109.30000305175781,109.9000015258789,107.11000061035156,107.5999984741211,104.67122650146484,5842500
03/10/2023,107.44000244140625,110.72000122070312,107.33999633789062,107.69000244140625,104.7587661743164,9738500
03/13/2023,104.47000122070312,108.83999633789062,104.4000015258789,105.7300033569336,102.85212707519531,10687100
03/14/2023,105.44999694824219,107.12999725341797,104.5199966430664,106.97000122070312,104.78182983398438,9806900
03/15/2023,106.4800033569336,108.02999877929688,105.56999969482422,107.62999725341797,105.4283218383789,10942700
03/16/2023,106.5,107.70999908447266,104.2300033569336,107.33999633789062,105.14425659179688,9441500
03/17/2023,107.1500015258789,107.30999755859375,103.48999786376953,104.0999984741211,101.97053527832031,26402100
03/20/2023,104.81999969482422,106.91000366210938,104.81999969482422,105.8499984741211,103.68473815917969,12865800
03/21/2023,106.0,106.43000030517578,104.76000213623047,105.54000091552734,103.3810806274414,11571800
03/22/2023,105.47000122070312,106.0,104.38999938964844,104.4000015258789,102.26439666748047,5705800
03/23/2023,104.0999984741211,104.62999725341797,103.45999908447266,104.2300033569336,102.09786987304688,6801700
03/24/2023,104.08999633789062,105.01000213623047,102.44000244140625,104.80000305175781,102.65621185302734,6661800
03/27/2023,106.08000183105469,107.61000061035156,105.98999786376953,106.93000030517578,104.74263763427734,7563100
03/28/2023,106.61000061035156,107.02999877929688,105.44000244140625,105.52999877929688,103.37128448486328,6679500
03/29/2023,105.62000274658203,105.87000274658203,104.52999877929688,104.91999816894531,102.77375793457031,6310200
03/30/2023,105.12000274658203,106.19999694824219,104.54000091552734,105.91999816894531,103.75330352783203,5017400
03/31/2023,106.2300033569336,106.52999877929688,105.5199966430664,106.38999938964844,104.21369171142578,7184300
04/03/2023,105.94999694824219,109.4800033569336,105.56999969482422,108.87000274658203,106.64295959472656,6964100
04/04/2023,108.69999694824219,109.33999633789062,108.16000366210938,108.83000183105469,106.60377502441406,6108200
04/05/2023,109.91000366210938,112.33999633789062,109.58000183105469,111.91000366210938,109.62077331542969,8006100
04/06/2023,113.0,114.16999816894531,111.63999938964844,112.33000183105469,110.03218078613281,6894500
04/10/2023,112.95999908447266,113.08999633789062,111.16999816894531,112.61000061035156,110.30644989013672,6446500
04/11/2023,112.72000122070312,113.30999755859375,112.31999969482422,112.48999786376953,110.18890380859375,5639800
04/12/2023,112.25,114.30999755859375,111.87999725341797,113.75,111.42313385009766,6136700
04/13/2023,114.97000122070312,115.81999969482422,113.6500015258789,115.58000183105469,113.2156982421875,7332300
04/14/2023,115.73999786376953,116.16999816894531,114.66000366210938,115.30999755859375,112.95121765136719,5005100
04/17/2023,115.69000244140625,116.44999694824219,114.19999694824219,115.01000213623047,112.65736389160156,6575500
04/18/2023,114.4800033569336,115.12000274658203,113.7300033569336,114.83000183105469,112.48104858398438,5454500
04/19/2023,114.48999786376953,115.38999938964844,114.01000213623047,114.12999725341797,111.79535675048828,4683400
04/20/2023,114.18000030517578,114.5199966430664,113.0,114.16999816894531,111.83454132080078,4657900
04/21/2023,114.87000274658203,115.6500015258789,114.58999633789062,115.37000274658203,113.00999450683594,6554600
04/24/2023,115.63999938964844,116.27999877929688,114.7699966430664,115.94000244140625,113.5683364868164,4299100
04/25/2023,116.22000122070312,116.86000061035156,115.91000366210938,116.52999877929688,114.1462631225586,5662800
04/26/2023,115.19999694824219,115.19999694824219,112.72000122070312,113.43000030517578,111.10968017578125,6607900
04/27/2023,114.5999984741211,115.36000061035156,110.66000366210938,115.16000366210938,112.80429077148438,9975200
04/28/2023,114.36000061035156,115.52999877929688,113.45999908447266,115.47000122070312,113.10794830322266,8049900
05/01/2023,115.80000305175781,116.5999984741211,115.2699966430664,116.33999633789062,113.96015167236328,5238900
05/02/2023,116.66999816894531,118.38999938964844,115.80999755859375,117.88999938964844,115.47844696044922,8175600
05/03/2023,118.3499984741211,119.6500015258789,117.93000030517578,118.22000122070312,115.80169677734375,6738600
05/04/2023,118.0,118.0,116.48999786376953,117.37000274658203,114.96908569335938,6490200
05/05/2023,117.37999725341797,117.88999938964844,116.55999755859375,117.68000030517578,115.27274322509766,4534000
05/08/2023,117.08000183105469,118.44000244140625,116.44000244140625,118.37999725341797,115.95841979980469,5157300
05/09/2023,118.25,118.62999725341797,117.33999633789062,117.43000030517578,115.0278549194336,4933100
05/10/2023,117.41000366210938,118.16999816894531,116.41999816894531,117.9000015258789,115.48824310302734,5605400
05/11/2023,117.58000183105469,117.79000091552734,116.37999725341797,117.55000305175781,115.14540100097656,5596700
05/12/2023,118.0,118.55000305175781,116.69999694824219,117.13999938964844,114.74378967285156,5233100
05/15/2023,117.13999938964844,117.73999786376953,115.48999786376953,116.37000274658203,113.98953247070312,5697200
05/16/2023,115.87999725341797,116.76000213623047,115.29000091552734,116.08000183105469,113.70547485351562,4278200
05/17/2023,116.37000274658203,116.66000366210938,113.4800033569336,114.76000213623047,112.4124755859375,7210400
05/18/2023,114.13999938964844,115.06999969482422,113.33000183105469,114.0,111.66802215576172,6437100
05/19/2023,114.33000183105469,116.23999786376953,114.0999984741211,115.48999786376953,113.1275405883789,7647000
05/22/2023,115.4800033569336,117.08000183105469,114.33000183105469,114.48999786376953,112.14799499511719,5607400
05/23/2023,113.97000122070312,114.79000091552734,113.05000305175781,113.2699966430664,110.95294952392578,7733000
05/24/2023,114.11000061035156,114.31999969482422,112.55000305175781,113.5999984741211,111.27620697021484,4509500
05/25/2023,113.5,113.5,111.08999633789062,112.30000305175781,110.00279235839844,7037500
05/26/2023,112.0,113.19000244140625,110.6500015258789,111.06999969482422,108.7979507446289,6378200
05/30/2023,110.12999725341797,110.70999908447266,108.97000122070312,109.16999816894531,106.93682098388672,7768100
05/31/2023,108.47000122070312,111.1500015258789,108.47000122070312,110.41000366210938,108.15145874023438,14563500
06/01/2023,110.66000366210938,111.58999633789062,109.87999725341797,110.93000030517578,108.66082000732422,6959900
06/02/2023,111.11000061035156,112.7300033569336,110.72000122070312,112.5199966430664,110.21829223632812,5791500
06/05/2023,113.0,114.4800033569336,112.91000366210938,113.11000061035156,110.79622650146484,5185500
06/06/2023,113.55000305175781,113.72000122070312,109.27999877929688,110.01000213623047,107.75963592529297,6960200
06/07/2023,109.62999725341797,109.66999816894531,106.87000274658203,108.61000061035156,106.38827514648438,12420500
06/08/2023,108.30999755859375,111.06999969482422,108.0,110.31999969482422,108.06329345703125,8352700
06/09/2023,110.19000244140625,111.51000213623047,109.0199966430664,110.70999908447266,108.44532012939453,6521900
06/12/2023,110.19000244140625,110.98999786376953,108.5999984741211,109.86000061035156,107.61270904541016,7468500
06/13/2023,108.58999633789062,110.63999938964844,108.05000305175781,109.98999786376953,107.74004364013672,7304200
06/14/2023,109.72000122070312,109.93000030517578,108.3499984741211,108.66000366210938,107.14839935302734,6137300
06/15/2023,108.4000015258789,109.9000015258789,108.33999633789062,109.4000015258789,107.87810516357422,7305700
06/16/2023,109.5,110.45999908447266,109.05999755859375,109.31999969482422,107.79920959472656,15844300
06/20/2023,109.08000183105469,110.86000061035156,109.02999877929688,110.2300033569336,108.6965560913086,7744400
06/21/2023,110.11000061035156,111.5199966430664,109.5199966430664,111.16000366210938,109.6136245727539,6854800
06/22/2023,111.5999984741211,113.83999633789062,111.5999984741211,113.72000122070312,112.13800048828125,7884100
06/23/2023,114.16000366210938,114.91000366210938,113.0199966430664,114.5999984741211,113.0057601928711,16407900
06/26/2023,114.44000244140625,114.5999984741211,111.77999877929688,113.08000183105469,111.50690460205078,7685100
06/27/2023,112.83000183105469,113.70999908447266,111.87000274658203,113.31999969482422,111.74356842041016,7093900
06/28/2023,113.44999694824219,113.56999969482422,111.44000244140625,112.44000244140625,110.87581634521484,8173800
06/29/2023,112.25,113.87999725341797,111.80999755859375,113.54000091552734,111.96051025390625,6281800
06/30/2023,113.79000091552734,115.61000061035156,113.43000030517578,115.38999938964844,113.78477478027344,8090600
07/03/2023,114.47000122070312,114.62000274658203,113.52999877929688,114.33000183105469,112.7395248413086,2834600
07/05/2023,114.04000091552734,114.43000030517578,113.41999816894531,113.69999694824219,112.11827850341797,5861500
07/06/2023,112.9000015258789,113.44000244140625,111.70999908447266,111.75,110.1954116821289,7257400
07/07/2023,111.06999969482422,111.5,108.76000213623047,109.0,107.4836654663086,11314800
07/10/2023,109.13999938964844,110.5999984741211,109.0999984741211,109.95999908447266,108.43030548095703,5949200
07/11/2023,109.4800033569336,110.0199966430664,108.25,108.69999694824219,107.18783569335938,6084900
07/12/2023,108.37000274658203,109.05000305175781,107.19000244140625,107.47000122070312,105.9749526977539,8376700
07/13/2023,107.33000183105469,107.91000366210938,106.26000213623047,106.31999969482422,104.84095001220703,9764400
07/14/2023,106.26000213623047,107.68000030517578,106.26000213623047,107.33999633789062,105.84675598144531,7209300
07/17/2023,107.04000091552734,107.44000244140625,105.29000091552734,105.56999969482422,104.10137939453125,7376400
07/18/2023,105.87999725341797,107.02999877929688,105.3499984741211,105.94999694824219,104.4760971069336,7499100
07/19/2023,106.16000366210938,107.37999725341797,105.91000366210938,105.94999694824219,104.4760971069336,6608600
07/20/2023,106.55000305175781,108.94999694824219,106.05999755859375,108.45999908447266,106.95117950439453,8073000
07/21/2023,108.7300033569336,110.62000274658203,108.37999725341797,110.38999938964844,108.85432434082031,8193500
07/24/2023,109.98999786376953,110.33999633789062,108.5,108.79000091552734,107.2765884399414,6045500
07/25/2023,107.63999938964844,108.72000122070312,107.31999969482422,107.52999877929688,106.03411102294922,6498700
07/26/2023,106.80000305175781,108.01000213623047,106.05999755859375,107.13999938964844,105.6495361328125,7042700
07/27/2023,107.23999786376953,107.62000274658203,105.16999816894531,105.2699966430664,103.80555725097656,9813100
07/28/2023,105.43000030517578,106.6500015258789,105.23999786376953,106.33999633789062,104.86066436767578,6903800
07/31/2023,106.55000305175781,106.7699966430664,105.66999816894531,106.6500015258789,105.1663589477539,7397500
08/01/2023,109.5999984741211,109.5999984741211,105.13999938964844,105.27999877929688,103.81541442871094,10009200
08/02/2023,106.02999877929688,108.13999938964844,104.87999725341797,105.69999694824219,104.22956848144531,10873500
08/03/2023,105.08000183105469,105.77999877929688,104.87000274658203,105.7300033569336,104.2591552734375,6039300
08/04/2023,105.63999938964844,106.41999816894531,104.51000213623047,105.0,103.53931427001953,6700700
08/07/2023,105.29000091552734,106.27999877929688,104.41999816894531,106.08999633789062,104.61414337158203,8259100
08/08/2023,105.69000244140625,107.19000244140625,105.69000244140625,106.41000366210938,104.92969512939453,10152200
08/09/2023,106.2699966430664,106.79000091552734,105.79000091552734,106.0999984741211,104.6240005493164,6479500
08/10/2023,106.20999908447266,107.04000091552734,105.41999816894531,105.56999969482422,104.10137939453125,6525700
08/11/2023,105.94999694824219,107.70999908447266,105.58999633789062,107.44000244140625,105.94537353515625,5904300
08/14/2023,107.91999816894531,109.43000030517578,107.30999755859375,108.91000366210938,107.3949203491211,8427200
08/15/2023,108.88999938964844,109.41999816894531,108.41999816894531,108.66000366210938,107.14839935302734,5118700
08/16/2023,108.5,109.47000122070312,108.27999877929688,108.7300033569336,107.21742248535156,5332900
08/17/2023,108.66000366210938,110.27999877929688,108.31999969482422,108.91999816894531,107.40477752685547,6457800
08/18/2023,108.97000122070312,109.5,108.20999908447266,109.19999694824219,107.68087768554688,6710400
08/21/2023,109.08999633789062,110.0,108.94999694824219,109.63999938964844,108.11476135253906,6012500
08/22/2023,109.5999984741211,109.5999984741211,107.19999694824219,107.2300033569336,105.73829650878906,6026000
08/23/2023,109.98999786376953,111.88999938964844,109.81999969482422,111.30000305175781,109.75167083740234,10588200
08/24/2023,110.94999694824219,112.0199966430664,109.08999633789062,109.44999694824219,107.92740631103516,6487700
08/25/2023,109.94000244140625,110.33000183105469,108.9800033569336,110.20999908447266,108.67683410644531,4839100
08/28/2023,110.2300033569336,110.61000061035156,108.6500015258789,108.93000030517578,107.41464233398438,4335600
08/29/2023,109.27999877929688,110.5199966430664,108.93000030517578,109.98999786376953,108.45989227294922,5673100
08/30/2023,110.30000305175781,110.80000305175781,109.72000122070312,110.20999908447266,108.67683410644531,4785000
08/31/2023,110.12000274658203,110.54000091552734,108.88999938964844,108.9800033569336,107.46395111083984,9212000
09/01/2023,109.6500015258789,110.37000274658203,109.25,109.83999633789062,108.31197357177734,4941300
09/05/2023,109.45999908447266,109.72000122070312,107.48999786376953,107.51000213623047,106.01439666748047,6379900
09/06/2023,106.76000213623047,107.0,104.91999816894531,106.48999786376953,105.00858306884766,7926100
09/07/2023,106.91000366210938,108.69000244140625,106.86000061035156,107.94000244140625,106.43841552734375,8532600
09/08/2023,107.54000091552734,109.13999938964844,107.54000091552734,109.05000305175781,107.53297424316406,6807500
09/11/2023,109.33000183105469,109.44000244140625,108.33999633789062,108.5999984741211,107.0892333984375,5069300
09/12/2023,108.41999816894531,109.4800033569336,107.55000305175781,109.0199966430664,107.50337982177734,4605400
09/13/2023,108.9800033569336,109.66999816894531,107.66999816894531,107.80999755859375,106.31021881103516,6761500
09/14/2023,107.69000244140625,108.51000213623047,106.95999908447266,108.23999786376953,107.46187591552734,6872400
09/15/2023,108.12000274658203,108.93000030517578,107.26000213623047,107.5199966430664,106.7470474243164,9639000
09/18/2023,107.7699966430664,107.94000244140625,106.8499984741211,107.81999969482422,107.0448989868164,3911300
09/19/2023,107.6500015258789,108.18000030517578,106.91000366210938,107.36000061035156,106.58820343017578,5818300
09/20/2023,108.20999908447266,108.4000015258789,107.25,107.30999755859375,106.53855895996094,4593600
09/21/2023,107.2699966430664,107.87999725341797,106.41999816894531,106.7300033569336,105.96273803710938,5856600
09/22/2023,107.22000122070312,107.22000122070312,105.95999908447266,106.33999633789062,105.57553100585938,5027200
09/25/2023,106.05000305175781,106.19000244140625,105.11000061035156,105.83999633789062,105.0791244506836,6052200
09/26/2023,105.12000274658203,106.55000305175781,105.11000061035156,105.38999938964844,104.63236236572266,5400500
09/27/2023,105.44999694824219,105.5199966430664,103.30000305175781,103.94000244140625,103.19279479980469,5635500
09/28/2023,104.56999969482422,104.97000122070312,103.77999877929688,104.30000305175781,103.55020904541016,4758800
09/29/2023,104.36000061035156,104.68000030517578,102.70999908447266,102.94999694824219,102.20990753173828,7232700
10/02/2023,102.83000183105469,102.83000183105469,101.3499984741211,102.55000305175781,101.81278228759766,7079700
10/03/2023,102.23999786376953,102.44000244140625,100.91999816894531,101.7699966430664,101.03838348388672,5924000
10/04/2023,101.58000183105469,102.43000030517578,101.33000183105469,102.16999816894531,101.43551635742188,6720500
10/05/2023,102.36000061035156,103.70999908447266,102.33999633789062,103.5999984741211,102.85523223876953,6449100
10/06/2023,103.7300033569336,104.43000030517578,102.91999816894531,103.87999725341797,103.13321685791016,6854900
10/09/2023,103.5,105.19000244140625,103.30999755859375,104.5,103.74876403808594,5061100
10/10/2023,104.31999969482422,104.45999908447266,103.16000366210938,103.61000061035156,102.86516571044922,7177200
10/11/2023,104.0,104.20999908447266,102.8499984741211,103.45999908447266,102.71623992919922,5375100
10/12/2023,103.5199966430664,103.94999694824219,102.93000030517578,103.58999633789062,102.84530639648438,5124000
10/13/2023,103.61000061035156,104.5199966430664,102.77999877929688,104.01000213623047,103.26229095458984,5787500
10/16/2023,104.19999694824219,105.37000274658203,104.05999755859375,104.13999938964844,103.39134979248047,6473500
10/17/2023,104.0,104.48999786376953,103.1500015258789,104.16999816894531,103.42113494873047,5827200
10/18/2023,104.11000061035156,104.45999908447266,101.91000366210938,101.98999786376953,101.25680541992188,7136400
10/19/2023,101.66000366210938,101.7300033569336,99.13999938964844,100.43000030517578,99.70802307128906,7647600
10/20/2023,99.98999786376953,103.36000061035156,99.98999786376953,102.66999816894531,101.93191528320312,12466800
10/23/2023,102.83000183105469,104.1500015258789,102.66999816894531,103.3499984741211,102.6070327758789,8493000
10/24/2023,103.31999969482422,104.05999755859375,102.68000030517578,103.02999877929688,102.2893295288086,6347900
10/25/2023,103.3499984741211,104.61000061035156,102.94999694824219,103.62999725341797,102.88501739501953,7849200
10/26/2023,103.0999984741211,107.2300033569336,102.98999786376953,105.55000305175781,104.79122161865234,11335700
10/27/2023,105.31999969482422,105.56999969482422,102.22000122070312,102.81999969482422,102.08084106445312,8933800
10/30/2023,103.27999877929688,104.5,102.61000061035156,102.68000030517578,101.94184875488281,6915500
10/31/2023,102.7699966430664,103.55000305175781,101.4000015258789,102.69999694824219,101.96170043945312,7522600
11/01/2023,103.55000305175781,104.2300033569336,102.7300033569336,102.8499984741211,102.11062622070312,5838100
11/02/2023,102.73999786376953,103.05999755859375,101.6500015258789,102.8499984741211,102.11062622070312,5379100
11/03/2023,103.37000274658203,104.25,102.77999877929688,103.37999725341797,102.63681030273438,6005900
11/06/2023,104.08000183105469,104.37000274658203,103.13999938964844,104.33999633789062,103.58991241455078,5951200
11/07/2023,104.3499984741211,104.72000122070312,103.7300033569336,104.0,103.25235748291016,6616400
11/08/2023,103.9800033569336,105.16999816894531,103.83999633789062,104.4000015258789,103.64948272705078,8152100
11/09/2023,104.70999908447266,104.70999908447266,102.1500015258789,102.37999725341797,101.64400482177734,7377000
11/10/2023,102.83999633789062,103.36000061035156,100.5999984741211,101.38999938964844,100.66111755371094,7627100
11/13/2023,101.08999633789062,102.55000305175781,100.58000183105469,102.47000122070312,101.73336029052734,5878200
11/14/2023,102.66000366210938,103.22000122070312,101.9000015258789,102.16999816894531,101.43551635742188,6944400
11/15/2023,101.87999725341797,102.16999816894531,100.72000122070312,101.3499984741211,100.62140655517578,7392600
11/16/2023,101.83000183105469,102.05999755859375,101.02999877929688,101.98999786376953,101.25680541992188,7889700
11/17/2023,102.0,102.41999816894531,100.95999908447266,101.75,101.0185317993164,6767000
11/20/2023,100.97000122070312,102.93000030517578,100.88999938964844,102.68000030517578,101.94184875488281,7449900
11/21/2023,103.0,103.62999725341797,101.8499984741211,102.20999908447266,101.47522735595703,7403500
11/22/2023,102.19999694824219,102.68000030517578,101.11000061035156,101.68000030517578,100.94903564453125,5724000
11/24/2023,102.26000213623047,102.51000213623047,101.44000244140625,101.87000274658203,101.1376724243164,3168000
11/27/2023,101.91000366210938,102.1500015258789,100.69999694824219,101.43000030517578,100.70083618164062,7356500
11/28/2023,101.30999755859375,101.3499984741211,100.01000213623047,100.18000030517578,99.45982360839844,8738500
11/29/2023,100.27999877929688,101.16999816894531,99.80000305175781,101.12999725341797,100.40298461914062,10286800
11/30/2023,100.83999633789062,102.69000244140625,100.27999877929688,102.4800033569336,101.7432861328125,29299700
12/01/2023,102.8499984741211,103.68000030517578,102.66000366210938,103.45999908447266,102.71623992919922,6856400
12/04/2023,103.7300033569336,105.37999725341797,103.7300033569336,105.05999755859375,104.30473327636719,10169900
12/05/2023,104.91999816894531,106.4000015258789,104.18000030517578,106.2300033569336,105.4663314819336,10789100
12/06/2023,106.25,106.56999969482422,105.43000030517578,105.62999725341797,104.87063598632812,9954800
12/07/2023,105.58999633789062,105.5999984741211,103.7300033569336,103.87999725341797,103.13321685791016,9602200
12/08/2023,103.79000091552734,104.01000213623047,102.6500015258789,103.75,103.00415802001953,7530000
12/11/2023,104.8499984741211,105.47000122070312,103.56999969482422,104.37000274658203,103.61970520019531,7429700
12/12/2023,104.4800033569336,104.79000091552734,103.41999816894531,104.36000061035156,103.60977172851562,7933500
12/13/2023,104.16000366210938,107.11000061035156,103.97000122070312,107.11000061035156,106.34000396728516,10995000
12/14/2023,106.68000030517578,107.20999908447266,105.13999938964844,105.87999725341797,105.87999725341797,10723000
12/15/2023,104.88999938964844,106.2699966430664,104.26000213623047,105.11000061035156,105.11000061035156,26392900
12/18/2023,106.16000366210938,107.20999908447266,105.62999725341797,106.04000091552734,106.04000091552734,12805600
12/19/2023,106.05000305175781,106.66000366210938,105.44000244140625,106.48999786376953,106.48999786376953,8043100
12/20/2023,107.13999938964844,107.13999938964844,105.23999786376953,105.36000061035156,105.36000061035156,8441600
12/21/2023,105.79000091552734,106.61000061035156,105.33999633789062,106.38999938964844,106.38999938964844,5919400
12/22/2023,107.1500015258789,108.05999755859375,106.83999633789062,107.69999694824219,107.69999694824219,6028100
12/26/2023,107.5,108.08999633789062,107.22000122070312,107.62999725341797,107.62999725341797,4727700
12/27/2023,107.30999755859375,108.06999969482422,107.01000213623047,107.9800033569336,107.9800033569336,5387000
12/28/2023,108.30000305175781,109.05999755859375,108.12999725341797,108.7699966430664,108.7699966430664,5530400
12/29/2023,108.98999786376953,109.23999786376953,108.79000091552734,109.0199966430664,109.0199966430664,5886100
